1,Get Smart,387623794-7,English,2010,2
2,South of Heaven West of Hell,346481000-3,English,2015,9
3,Human Failure (Menschliches Versagen),068254989-4,English,2014,8
4,Revenge of the Nerds,502714957-3,Japanese,2019,5
5,Lone Ranger The,698429931-4,Icelandic,2011,3
6,Brides (Nyfes),752213396-3,Georgian,2012,6
7,Larceny Inc,857627191-5,English,2012,9
8,Stonewall,660038142-6,Icelandic,2016,2
9,Eight Crazy Nights (Adam Sandler s Eight Crazy Nights),870560200-9,English,2018,1
10,Gone Fishin ,137066182-7,Georgian,2012,1
11,Richard III,863050834-5,Chinese,2019,8
12,Stupid Boy (Garçon stupide),998941371-1,Italian,2013,5
13,Secret Garden The,368968937-6,English,2014,4
14,Act Da Fool,653073623-9,English,2020,9
15,Hot Fuzz,867778553-1,Polish,2012,2
16,Get Bruce,389625239-9,Hebrew,2020,7
17,No Retreat No Surrender 2 Raging Thunder,204897847-9,Italian,2019,1
18,Back Soon,772713523-2,English,2013,6
19,Pitch Black,255439894-1,English,2015,6
20,Gingerbread Man The,004023598-X,Dari,2012,4
21,Woman on the Beach (Haebyeonui yeoin),661872594-1,English,2020,3
22,Lost City The,666013383-6,English,2014,10
23,Paradise Lost 2 Revelations,165632171-8,Italian,2010,2
24,Key Largo,425111017-X,Estonian,2019,8
25,Diplomacy (Diplomatie),507124152-8,French,2019,2
26,Lavender Hill Mob The,435456826-8,English,2016,9
27,Chronicle of a Summer (Chronique d un été),851106761-2,Italian,2019,3
28,Such Is Life (Así es la vida),301170811-8,English,2019,3
29,Tenchi The Samurai Astronomer,214940353-6,English,2018,3
30,Boys from Fengkuei The (Feng gui lai de ren),351898785-2,Portuguese,2016,10
31,Thieves The (Dodookdeul),887526619-0,Romanian,2011,6
32,Blackmailed,618325112-7,Czech,2013,5
33,Cocaine Cowboys II Hustlin  With the Godmother,670271351-7,Indonesian,2011,1
34,Ingeborg Holm,814543114-X,English,2013,3
35,1208 East of Bucharest (A fost sau n-a fost?),601546113-6,Gujarati,2011,9
36,Redemption The Stan Tookie Williams Story,501862280-6,Finnish,2011,9
37,Inspectors The,050916783-7,Catalan,2017,3
38,Animal House,265972215-3,English,2017,8
39,Red Riding 1983,848202184-2,English,2019,3
40,Missionary Man,927994979-9,Dhivehi,2017,8
41,Golem,296111646-5,Japanese,2019,3
42,Project X,829914597-X,English,2019,9
43,Dragon Ball Z Bio-Broly (Doragon bôru Z 11 Sûpâ senshi gekiha! Katsu no wa ore da),786395256-5,English,2019,7
44,Forbidden Christ The (Cristo proibito Il),970334328-7,Danish,2019,9
45,Stingray Sam,086031288-7,Polish,2019,9
46,Inspector Palmu s Error (Komisario Palmun erehdys),763200529-3,English,2016,3
47,Streetcar Named Desire A,510453377-8,English,2013,5
48,World of Kanako The (Kawaki),290005808-2,Lao,2020,4
49,Suit for Wedding A (aka The Wedding Suit) (Lebassi Baraye Arossi),085745713-6,English,2020,7
50,Human-computer interaction,364615054-8,English,2017,2
51,I m Reed Fish,775940054-3,Kashmiri,2017,10
52,Kumail Nanjiani Beta Male ,925812482-0,German,2010,2
53,Teaching Mrs Tingle,584224789-5,English,2020,10
54,Always,354835830-6,Catalan,2015,4
55,Delta,285192251-3,English,2011,2
56,Gunfighter The,386397507-3,Albanian,2013,1
57,Angels  Share The,733508116-5,English,2017,9
58,Murder by Proxy How America Went Postal,801081738-4,English,2019,7
59,Arthur and the Revenge of Maltazard (Arthur et la vengeance de Maltazard),560797299-2,English,2017,1
60,Closure,492112694-1,English,2018,6
61,Meet Joe Black,182342356-6,Japanese,2011,4
62,Scenic Route,299282269-8,English,2015,5
63,Private Detective 62,055417113-9,English,2017,9
64,Cars,101215590-0,English,2012,8
65,Iron Mask The,951964371-0,Bengali,2014,2
66,Wave The (Welle Die),469785019-X,English,2014,6
67,Andrei Rublev (Andrey Rublyov),368990830-2,English,2017,1
68,Wild River,300485539-9,Dzongkha,2012,10
69,Krrish,976860084-5,English,2016,8
70,You Only Live Once,147191251-5,Dari,2018,4
71,Bed & Breakfast Love is a Happy Accident (Bed & Breakfast),076691563-8,Dari,2018,3
72,Iron Horse The,860964250-X,Japanese,2013,10
73,Ninotchka,384050463-5,Quechua,2017,8
74,Rains of Ranchipur The,158999545-7,English,2012,6
75,Maniac,136964378-0,English,2013,5
76,Dakota Skye,194862546-6,English,2011,4
77,Family Tree,129488690-8,English,2017,3
78,Rebecca,432587582-4,Swedish,2015,5
79,The Frame,515279116-1,English,2010,9
80,Kairat,825867311-4,Hiri Motu,2013,2
81,Fear,712463375-3,English,2012,1
82,Slaves to the Underground,536751983-0,French,2014,1
83,Trial,284203566-6,Korean,2013,5
84,Gasoline (Benzina),175205668-X,English,2019,1
85,Heaven s Prisoners,672217513-8,Bengali,2014,10
86,HTM & CSS,607745120-7,Italian,2018,1
87,Cyrano de Bergerac,611928800-7,Korean,2017,7
88,State of Siege (État de siège),226372696-9,Hindi,2013,1
89,Memory,083845517-4,Punjabi,2014,5
90,Ironclad,184722570-5,Kashmiri,2011,9
91,Happy People A Year in the Taiga,653175736-1,Swedish,2012,8
92,Convoy,989371762-0,German,2015,6
93,Général Idi Amin Dada A Self Portrait (Général Idi Amin Dada Autoportrait),521329516-9,English,2015,9
94,Come Blow Your Horn,087133062-8,English,2013,6
95,Carmen Comes Home (Karumen kokyo ni kaeru),517581126-6,Hindi,2020,2
96,Heroine,023019395-1,Dzongkha,2013,7
97,Luna de Avellaneda,441842932-8,Guaraní,2018,5
98,Under the Bridges (Unter den Brücken),742437654-3,Swedish,2016,9
99,Story of My Life The (Mensonges et trahisons et plus si affinités),760264513-8,English,2012,8
100,The Fourth War,171208472-0,English,2020,4
101,Life of Another The (La vie d une autre),009047587-9,English,2015,5
102,Sergeant Rutledge,372098427-3,Arabic,2011,9
103,Black Windmill The,449571196-2,English,2013,6
104,Nicholas on Holiday,362309208-8,English,2018,4
105,Beefcake,457456450-4,Aymara,2016,1
106,Oliver Twist,369048652-1,Guaraní,2020,1
107,Salvage,190222315-2,Belarusian,2014,9
108,Cassandra Crossing The,945660604-X,Arabic,2016,10
109,Crocodile Hunter Collision Course The,711604128-1,English,2014,10
110,Abbott and Costello Meet the Killer Boris Karloff,465297052-8,English,2016,9
111,Wolf Man The,836374770-X,Indonesian,2013,8
112,Vehicle 19,509808775-9,English,2013,2
113,Rollerball,595626866-2,Hungarian,2014,7
114,Carbon Nation,168316748-1,Portuguese,2012,7
115,Times Square,744780754-0,English,2020,7
116,Memory Keeper s Daughter The,594275024-6,English,2012,5
117,And Nobody Weeps for Me (Und keiner weint mir nach),992229254-8,Italian,2017,4
118,Tyler Perry s I Can Do Bad All by Myself,560211284-7,Italian,2018,7
119,Day of the Triffids The,179592990-1,English,2011,8
120,Deadline,663119553-5,Spanish,2015,7
121,Holy Flying Circus,521847642-0,English,2016,9
122,Mala Noche,190401007-5,Northern Sotho,2017,8
123,Tracks,288231977-0,Icelandic,2010,8
124,Sound of Music The,103300276-3,Khmer,2019,4
125,Nick and Norah s Infinite Playlist,671158165-2,Czech,2019,6
126,Purple Rose of Cairo The,292051296-X,Guaraní,2013,3
127,Thief of Hearts,000369692-8,English,2016,10
128,Hollywood Party,769740772-8,English,2018,7
129,Absolute Power,946684198-X,Czech,2016,1
130,In the Park,264788349-1,Haitian Creole,2018,9
131,Life is to Whistle (Vida es silbar La),421128511-4,English,2012,7
132,Avengers The,843331705-9,Bengali,2012,1
133,Kirikou and the Wild Beast (Kirikou et les bêtes sauvages),978061177-0,Khmer,2010,7
134,Love s Labour s Lost,368515943-7,Czech,2011,9
135,Attack of the 50 Foot Woman,075305079-X,Danish,2010,2
136,Longest Yard The,014330257-4,Georgian,2010,6
137,PHP 7 development,331424241-7,Italian,2015,3
138,Great Expectations,436501926-0,Catalan,2013,1
139,Concrete Night (Betoniyö),222223087-X,Irish Gaelic,2010,5
140,Deep Impact,385828979-5,Bengali,2019,8
141,Big Squeeze The,516983356-3,English,2014,10
142,Red White & Blue,253760945-X,English,2016,4
143,Saboteur,167947701-3,English,2014,1
144,Children Are Watching Us The (Bambini ci guardano I),015674765-0,English,2018,4
145,Flight of the Living Dead,391578830-9,Kazakh,2014,8
146,Phil Spector,065646345-7,Irish Gaelic,2020,3
147,Inhale,259418123-4,English,2011,9
148,Little Children,756564271-1,English,2014,10
149,No Distance Left to Run,192373118-1,English,2019,6
150,Addams Family The,131544489-5,English,2019,4
151,From Above,872379238-8,English,2018,1
152,Enemy,216013488-0,Arabic,2012,2
153,Waydowntown,259579784-0,English,2018,7
154,Dead Man Walking,052706515-3,English,2011,8
155,Agent Vinod,526942871-7,Catalan,2017,4
156,Young Cassidy,280992700-6,German,2018,4
157,A Viking Saga The Darkest Day,835266674-6,Hindi,2012,7
158,Million Ways to Die in the West A,875127371-3,Norwegian,2014,10
159,High Spirits,256739345-5,Swedish,2016,8
160,Day the Universe Changed The,672560381-5,Northern Sotho,2018,4
161,Captain America The First Avenger,144577227-2,English,2020,8
162,Strangers on a Train,565659819-5,Dutch,2014,1
163,Buddy,170243376-5,English,2015,10
164,Death Defying Acts,009140312-X,Dhivehi,2017,3
165,History Boys The,333748888-9,Catalan,2017,2
166,Battle Royale 2 Requiem (Batoru rowaiaru II Chinkonka),585173205-9,English,2018,2
167,Counterfeiters The (Die Fälscher),006821799-4,Estonian,2018,9
168,Svidd Neger,376459959-6,English,2018,2
169,Altman,404884623-X,Czech,2010,4
170,Incredibly Strange Creatures Who Stopped Living and Became Mixed-Up Zombies!!? The,335294364-8,Italian,2018,6
171,Mondays in the Sun (Lunes al sol Los),060088686-7,English,2019,9
172,Shaka Zulu The Citadel,829509196-4,Swedish,2014,10
173,Peculiarities of the National Hunt (Osobennosti natsionalnoy okhoty) ,947990234-6,English,2019,2
174,Sting II The,966859767-2,English,2020,9
175,Renaissance,554021569-9,English,2018,7
176,Jubilee,343838580-5,English,2015,5
177,Open Windows,405663612-5,English,2015,2
178,Elizabeth,356414253-3,English,2012,10
179,LA Without a Map,421308038-2,English,2014,1
180,Almanya - Welcome to Germany (Almanya - Willkommen in Deutschland),022938411-0,Guaraní,2014,7
181,City Hall,687448355-2,English,2019,8
182,Kleines Arschloch - Der Film,768148078-1,Korean,2017,7
183,Last Ride,347737564-5,Haitian Creole,2019,6
184,Starflight The Plane That Couldn t Land,659332931-2,Italian,2016,9
185,Fundamentals of Database Systems,740153355-3,Italian,2019,2
186,Raisin in the Sun A,469863297-8,Punjabi,2015,5
187,Boys of St Vincent The,366292343-2,English,2013,1
188,Wall Street,600597433-5,English,2020,7
189,19th Wife The,371268896-2,Belarusian,2016,5
190,Shuttle,271280652-2,English,2017,4
191,Doc Savage The Man of Bronze,093035174-6,English,2015,3
192,Family Life,394873350-3,English,2014,3
193,Mon oncle d Amérique,136320382-7,English,2017,6
194,The Dark Horse,132261731-7,Guaraní,2018,3
195,My Bloody Valentine,685607790-4,Danish,2014,8
196,Breakdown,127368309-9,Chinese,2011,8
197,From the Life of the Marionettes (Aus dem Leben der Marionetten) ,542931356-4,Italian,2015,5
198,Split Second,816886703-3,Italian,2012,4
199,Knack and How to Get It The,657583349-7,English,2015,1
